filing_date,num_purchases,num_sales,purchase_to_sale_ratio,filing_price,highest_price_52w,discount_percentage
2004-05-11,216,210,1.0285714285714285,1095.449951171875,1157.760009765625,5.381949460006305
2004-07-15,113,106,1.0660377358490567,1106.68994140625,1157.760009765625,4.411110068460003
2005-10-12,101,95,1.063157894736842,1177.6800537109375,1245.0400390625,5.410266596910711
2005-10-13,77,75,1.0266666666666666,1176.8399658203125,1245.0400390625,5.477741365935615
2005-10-14,110,107,1.02803738317757,1186.5699462890625,1245.0400390625,4.696241963227525
2005-10-17,94,73,1.2876712328767124,1190.0999755859375,1245.0400390625,4.412714591727644
2006-07-17,70,62,1.1290322580645162,1234.489990234375,1325.760009765625,6.884354548255321
2007-07-27,222,124,1.7903225806451613,1458.949951171875,1553.0799560546875,6.060860196916865
2007-07-30,150,114,1.3157894736842106,1473.9100341796875,1553.0799560546875,5.097607600069512
2007-07-31,206,195,1.0564102564102564,1455.27001953125,1553.0799560546875,6.297804317293848
2007-08-16,263,259,1.0154440154440154,1411.27001953125,1553.0799560546875,9.130884470602494
2007-08-17,295,254,1.1614173228346456,1445.93994140625,1553.0799560546875,6.898551116492863
2007-08-20,286,200,1.43,1445.550048828125,1553.0799560546875,6.923655592061233
2007-08-23,219,206,1.0631067961165048,1462.5,1553.0799560546875,5.832278995138739
2007-11-19,278,234,1.188034188034188,1433.27001953125,1565.1500244140625,8.426029634583033
2007-11-20,314,283,1.1095406360424027,1439.699951171875,1565.1500244140625,8.015210764805222
2007-11-23,73,49,1.489795918367347,1440.699951171875,1565.1500244140625,7.951319126022904
2007-11-26,268,203,1.3201970443349753,1407.219970703125,1565.1500244140625,10.090409944571352
2007-11-27,237,129,1.8372093023255813,1428.22998046875,1565.1500244140625,8.748045989813058
2007-11-28,233,226,1.0309734513274336,1469.02001953125,1565.1500244140625,6.141903548115154
2007-12-03,268,239,1.1213389121338913,1472.4200439453125,1565.1500244140625,5.924670416400809
2007-12-17,199,173,1.1502890173410405,1445.9000244140625,1565.1500244140625,7.61907792479146
2007-12-19,194,176,1.1022727272727273,1453.0,1565.1500244140625,7.1654488492914625
2007-12-20,151,138,1.0942028985507246,1460.1199951171875,1565.1500244140625,6.71054069313225
2007-12-21,241,188,1.2819148936170213,1484.4599609375,1565.1500244140625,5.155420388966869
2007-12-26,226,207,1.0917874396135265,1497.6600341796875,1565.1500244140625,4.312046077476879
2007-12-28,150,125,1.2,1478.489990234375,1565.1500244140625,5.536851600671954
2007-12-31,119,82,1.451219512195122,1468.3599853515625,1565.1500244140625,6.184074213507731
2008-01-02,171,151,1.1324503311258278,1447.1600341796875,1565.1500244140625,7.538573835983955
2008-01-07,158,132,1.196969696969697,1416.1800537109375,1565.1500244140625,9.517935557576607
2008-01-08,157,87,1.8045977011494252,1390.18994140625,1565.1500244140625,11.178486424859587
2008-01-10,121,116,1.043103448275862,1420.3299560546875,1565.1500244140625,9.252791496047836
2008-01-11,150,94,1.5957446808510638,1401.02001953125,1565.1500244140625,10.486534985312801
2008-01-14,113,108,1.0462962962962963,1416.25,1565.1500244140625,9.513466574541663
2008-01-15,135,80,1.6875,1380.949951171875,1565.1500244140625,11.768844543266423
2008-01-16,146,117,1.2478632478632479,1373.199951171875,1565.1500244140625,12.26400474382939
2008-01-18,115,80,1.4375,1325.18994140625,1565.1500244140625,15.33144294571028
2008-01-22,157,83,1.891566265060241,1310.5,1565.1500244140625,16.270007375771826
2008-01-23,122,66,1.8484848484848484,1338.5999755859375,1565.1500244140625,14.474653885843141
2008-01-25,107,91,1.1758241758241759,1330.6099853515625,1565.1500244140625,14.985147455772083
2008-01-28,162,82,1.975609756097561,1353.9599609375,1565.1500244140625,13.493279250059413
2008-02-19,253,174,1.4540229885057472,1348.780029296875,1565.1500244140625,13.824233571359326
2008-02-22,180,167,1.0778443113772456,1353.1099853515625,1565.1500244140625,13.54758558316992
2008-02-26,166,155,1.070967741935484,1381.2900390625,1565.1500244140625,11.747115770604372
2008-03-03,209,196,1.066326530612245,1331.3399658203125,1565.1500244140625,14.938507807344559
2008-03-06,214,213,1.0046948356807512,1304.3399658203125,1565.1500244140625,16.663582054467156
2008-03-10,249,159,1.5660377358490567,1273.3699951171875,1565.1500244140625,18.642304235730197
2008-03-11,231,174,1.3275862068965518,1320.6500244140625,1565.1500244140625,15.621505682276831
2008-03-13,213,183,1.1639344262295082,1315.47998046875,1565.1500244140625,15.951828262519449
2008-03-14,224,145,1.5448275862068965,1288.1400146484375,1565.1500244140625,17.698623483031785
2008-03-17,239,160,1.49375,1276.5999755859375,1565.1500244140625,18.435935490346882
2008-03-18,190,152,1.25,1330.739990234375,1565.1500244140625,14.976841230759488
2008-03-19,211,181,1.1657458563535912,1298.4200439453125,1565.1500244140625,17.0418155645242
2008-03-24,158,130,1.2153846153846153,1349.8800048828125,1565.1500244140625,13.753954328553236
2008-04-07,180,143,1.2587412587412588,1372.5400390625,1565.1500244140625,12.306167609949656
2008-04-15,105,94,1.1170212765957446,1334.4300537109375,1565.1500244140625,14.74107702803113
2008-04-29,153,144,1.0625,1390.93994140625,1565.1500244140625,11.130567695772848
2008-05-23,221,175,1.262857142857143,1375.9300537109375,1565.1500244140625,12.08957401856492
2008-06-11,178,160,1.1125,1335.489990234375,1565.1500244140625,14.673355946543476
2008-06-13,123,116,1.0603448275862069,1360.030029296875,1565.1500244140625,13.105452635058242
2008-06-20,130,72,1.8055555555555556,1317.9300537109375,1565.1500244140625,15.795289067939382
2008-06-23,131,115,1.1391304347826088,1318.0,1565.1500244140625,15.79082008490444
2008-06-24,146,111,1.3153153153153154,1314.2900390625,1565.1500244140625,16.0278555690197
2008-06-27,157,95,1.6526315789473685,1278.3800048828125,1565.1500244140625,18.322206501488996
2008-06-30,129,104,1.2403846153846154,1280.0,1565.1500244140625,18.218702358632534
2008-07-07,123,80,1.5375,1252.31005859375,1565.1500244140625,19.98785809286422
2008-07-08,76,61,1.2459016393442623,1273.699951171875,1565.1500244140625,18.621222802670065
2008-07-09,153,123,1.2439024390243902,1244.68994140625,1565.1500244140625,20.474719867686904
2008-07-10,95,80,1.1875,1253.3900146484375,1565.1500244140625,19.918857930717348
2008-07-14,123,67,1.835820895522388,1228.300048828125,1565.1500244140625,21.521896963969468
2008-07-15,77,71,1.0845070422535212,1214.9100341796875,1565.1500244140625,22.377406943177387
2008-07-16,112,100,1.12,1245.3599853515625,1565.1500244140625,20.43190966196472
2008-07-17,137,119,1.1512605042016806,1260.3199462890625,1565.1500244140625,19.47609324154838
2008-07-18,160,125,1.28,1260.6800537109375,1565.1500244140625,19.453085388227105
2008-07-21,123,84,1.4642857142857142,1260.0,1565.1500244140625,19.496535134278904
2008-07-25,146,107,1.3644859813084111,1257.760009765625,1565.1500244140625,19.639651781209512
2008-07-30,166,152,1.0921052631578947,1284.260009765625,1565.1500244140625,17.946523353478074
2008-08-01,182,146,1.2465753424657535,1260.31005859375,1565.1500244140625,19.476724982605674
2008-08-04,211,207,1.0193236714975846,1249.010009765625,1565.1500244140625,20.198703620554795
2008-08-15,200,183,1.092896174863388,1298.199951171875,1565.1500244140625,17.055877652503266
2008-08-20,214,184,1.1630434782608696,1274.5400390625,1565.1500244140625,18.567548210616852
2008-08-27,149,135,1.1037037037037036,1281.6600341796875,1565.1500244140625,18.11264005445764
2008-09-08,118,105,1.1238095238095238,1267.7900390625,1565.1500244140625,18.9988167723975
2008-09-15,157,119,1.319327731092437,1192.699951171875,1565.1500244140625,23.79644554403785
2008-09-16,138,113,1.2212389380530972,1213.5999755859375,1565.1500244140625,22.461108733632933
2008-09-18,139,132,1.053030303030303,1206.510009765625,1565.1500244140625,22.914098268803322
2008-09-19,133,122,1.0901639344262295,1255.0799560546875,1565.1500244140625,19.81088480482594
2008-09-26,72,72,1.0,1213.27001953125,1565.1500244140625,22.482190166693066
2008-09-29,100,81,1.2345679012345678,1106.4200439453125,1565.1500244140625,29.30901021072932
2008-09-30,132,68,1.9411764705882353,1166.3599853515625,1565.1500244140625,25.479349125767868
2008-10-01,169,98,1.7244897959183674,1161.06005859375,1565.1500244140625,25.817970131750766
2008-10-02,158,148,1.0675675675675675,1114.280029296875,1565.1500244140625,28.806822865812975
2008-10-03,125,103,1.2135922330097086,1099.22998046875,1565.1500244140625,29.768395149195793
2008-10-06,124,62,2.0,1056.8900146484375,1565.1500244140625,32.4735649514429
2008-10-07,153,52,2.9423076923076925,996.22998046875,1565.1500244140625,36.34923394377458
2008-10-08,160,76,2.1052631578947367,984.9400024414062,1562.469970703125,36.96262834426349
2008-10-09,99,46,2.152173913043478,909.9199829101562,1561.800048828125,41.739021996259886
2008-10-10,175,68,2.573529411764706,899.219970703125,1561.800048828125,42.424129684344535
2008-10-14,306,110,2.7818181818181817,998.010009765625,1549.3800048828125,35.58649223428505
2008-10-15,204,79,2.5822784810126582,907.8400268554688,1549.3800048828125,41.40623836667278
2008-10-16,166,72,2.3055555555555554,946.4299926757812,1549.3800048828125,38.91556689171521
2008-10-17,99,80,1.2375,940.5499877929688,1549.3800048828125,39.295073847031645
2008-10-20,139,47,2.9574468085106385,985.4000244140625,1549.3800048828125,36.40036522295295
2008-10-21,91,43,2.116279069767442,955.0499877929688,1549.3800048828125,38.35921563572753
2008-10-22,110,46,2.391304347826087,896.780029296875,1549.3800048828125,42.120072127515094
2008-10-23,135,49,2.7551020408163267,908.1099853515625,1549.3800048828125,41.3888147201017
2008-10-24,101,54,1.8703703703703705,876.77001953125,1549.3800048828125,43.41155708940722
2008-10-27,199,57,3.491228070175439,848.9199829101562,1549.3800048828125,45.20905263816385
2008-10-28,166,51,3.2549019607843137,940.510009765625,1549.3800048828125,39.297654106697955
2008-10-29,202,56,3.607142857142857,930.0900268554688,1549.3800048828125,39.97018007691301
2008-10-30,167,80,2.0875,954.0900268554688,1520.27001953125,37.24206788280633
2008-10-31,153,92,1.6630434782608696,968.75,1520.27001953125,36.27776726803453
2008-11-03,192,116,1.6551724137931034,966.2999877929688,1520.27001953125,36.438923653121094
2008-11-04,163,147,1.1088435374149659,1005.75,1520.27001953125,33.84398908885237
2008-11-06,203,111,1.8288288288288288,904.8800048828125,1515.9599609375,40.30976884618928
2008-11-07,186,115,1.617391304347826,930.989990234375,1515.9599609375,38.5874288092258
2008-11-10,240,92,2.608695652173913,919.2100219726562,1515.9599609375,39.36449209356437
2008-11-12,429,209,2.0526315789473686,852.2999877929688,1515.9599609375,43.77819930904446
2008-11-13,301,108,2.787037037037037,911.2899780273438,1515.9599609375,39.8869362312324
2008-11-14,364,96,3.7916666666666665,873.2899780273438,1515.9599609375,42.39359874074222
2008-11-17,307,127,2.4173228346456694,850.75,1515.9599609375,43.88044394827689
2008-11-18,270,135,2.0,859.1199951171875,1515.9599609375,43.32831887024968
2008-11-19,370,92,4.021739130434782,806.5800170898438,1515.9599609375,46.794108164239475
2008-11-20,402,88,4.568181818181818,752.4400024414062,1515.9599609375,50.36544355854345
2008-11-21,462,88,5.25,800.030029296875,1515.9599609375,47.2261768178811
2008-11-24,606,90,6.733333333333333,851.8099975585938,1515.9599609375,43.810521418269026
2008-11-25,402,129,3.116279069767442,857.3900146484375,1515.9599609375,43.442436690860205
2008-11-26,320,154,2.0779220779220777,887.6799926757812,1515.9599609375,41.44436426099129
2008-11-28,87,40,2.175,896.239990234375,1515.9599609375,40.879705709369645
2008-12-01,302,125,2.416,816.2100219726562,1515.9599609375,46.15886679039362
2008-12-02,262,109,2.403669724770642,848.8099975585938,1515.9599609375,44.00841582691454
2008-12-03,209,118,1.771186440677966,870.739990234375,1515.9599609375,42.561808182856495
2008-12-04,203,83,2.4457831325301207,845.219970703125,1515.9599609375,44.245231240776036
2008-12-05,218,108,2.0185185185185186,876.0700073242188,1515.9599609375,42.21021465616813
2008-12-08,215,108,1.9907407407407407,909.7000122070312,1515.9599609375,39.99181801315817
2008-12-09,245,123,1.991869918699187,888.6699829101562,1497.6600341796875,40.66276974554462
2008-12-10,197,124,1.5887096774193548,899.239990234375,1497.6600341796875,39.957001608384694
2008-12-11,198,117,1.6923076923076923,873.5900268554688,1497.6600341796875,41.66967089203527
2008-12-12,221,95,2.3263157894736843,879.72998046875,1497.6600341796875,41.25970110762794
2008-12-15,162,89,1.8202247191011236,868.5700073242188,1497.6600341796875,42.004861750887265
2008-12-16,170,108,1.5740740740740742,913.1799926757812,1497.6600341796875,39.02621610811984
2008-12-17,211,126,1.6746031746031746,904.4199829101562,1497.6600341796875,39.61112921027276
2008-12-19,207,114,1.8157894736842106,887.8800048828125,1497.6600341796875,40.71551723224486
2008-12-22,130,96,1.3541666666666667,871.6300048828125,1497.6600341796875,41.80054318133488
2008-12-23,204,126,1.619047619047619,863.1599731445312,1497.6600341796875,42.36609421060572
2008-12-24,92,43,2.13953488372093,868.1500244140625,1497.6600341796875,42.03290435739151
2008-12-29,144,85,1.6941176470588235,869.4199829101562,1468.3599853515625,40.78972516388785
2008-12-30,170,75,2.2666666666666666,890.6400146484375,1447.1600341796875,38.456010834123774
2008-12-31,129,82,1.5731707317073171,903.25,1447.1600341796875,37.58465002718231
2009-01-02,88,74,1.1891891891891893,931.7999877929688,1426.6300048828125,34.68523831660828
2009-01-05,171,159,1.0754716981132075,927.4500122070312,1426.6300048828125,34.9901509828952
2009-01-06,152,138,1.1014492753623188,934.7000122070312,1426.6300048828125,34.48196035356692
2009-01-08,118,55,2.1454545454545455,909.72998046875,1426.6300048828125,36.232241200935775
2009-01-09,65,48,1.3541666666666667,890.3499755859375,1426.6300048828125,37.590687666836686
2009-01-12,104,33,3.1515151515151514,870.260009765625,1426.6300048828125,38.99889902868609
2009-01-13,89,47,1.8936170212765957,871.7899780273438,1426.6300048828125,38.89165550678607
2009-01-14,92,57,1.6140350877192982,842.6199951171875,1426.6300048828125,40.93633302024916
2009-01-15,78,42,1.8571428571428572,843.739990234375,1426.6300048828125,40.85782667218735
2009-01-16,78,68,1.1470588235294117,850.1199951171875,1426.6300048828125,40.410618576116455
2009-01-20,102,84,1.2142857142857142,805.219970703125,1426.6300048828125,43.55789742630093
2009-01-21,107,43,2.488372093023256,840.239990234375,1426.6300048828125,41.10316007944928
2009-01-22,112,37,3.027027027027027,827.5,1426.6300048828125,41.99617299735868
2009-01-23,87,42,2.0714285714285716,831.9500122070312,1426.6300048828125,41.68424823818492
2009-01-26,80,32,2.5,836.5700073242188,1426.6300048828125,41.36040848286119
2009-01-27,82,50,1.64,845.7100219726562,1426.6300048828125,40.71973678682544
2009-01-28,128,58,2.206896551724138,874.0900268554688,1426.6300048828125,38.730432987965294
2009-02-02,167,69,2.420289855072464,825.4400024414062,1426.6300048828125,42.14056906021612
2009-02-03,160,119,1.3445378151260505,838.510009765625,1426.6300048828125,41.224423508847856
2009-02-04,156,130,1.2,832.22998046875,1426.6300048828125,41.66462379030702
2009-02-05,111,83,1.3373493975903614,845.8499755859375,1426.6300048828125,40.70992670202404
2009-02-09,130,85,1.5294117647058822,869.8900146484375,1426.6300048828125,39.02483393233463
2009-02-10,143,115,1.2434782608695651,827.1599731445312,1426.6300048828125,42.02000726793374
2009-02-11,181,110,1.6454545454545455,833.739990234375,1426.6300048828125,41.55877926436429
2009-02-12,147,109,1.348623853211009,835.1900024414062,1426.6300048828125,41.45714028284361
2009-02-13,147,113,1.3008849557522124,826.8400268554688,1426.6300048828125,42.04243398600131
2009-02-17,250,131,1.9083969465648856,789.1699829101562,1426.6300048828125,44.682925481089896
2009-02-18,127,84,1.5119047619047619,788.4199829101562,1426.6300048828125,44.73549692550316
2009-02-19,225,105,2.142857142857143,778.9400024414062,1426.6300048828125,45.39999861383887
2009-02-20,174,77,2.25974025974026,770.0499877929688,1426.6300048828125,46.023146495070186
2009-02-23,182,65,2.8,743.3300170898438,1426.6300048828125,47.896089767794905
2009-02-24,202,85,2.376470588235294,773.1400146484375,1426.6300048828125,45.80655026164647
2009-02-25,261,123,2.1219512195121952,764.9000244140625,1426.6300048828125,46.38413451307625
2009-02-26,200,107,1.8691588785046729,752.8300170898438,1426.6300048828125,47.23018480522682
2009-02-27,200,116,1.7241379310344827,735.0900268554688,1426.6300048828125,48.47367401922469
2009-03-02,260,119,2.1848739495798317,700.8200073242188,1426.6300048828125,50.87583992166307
2009-03-03,269,128,2.1015625,696.3300170898438,1426.6300048828125,51.1905669510265
2009-03-04,306,160,1.9125,712.8699951171875,1426.6300048828125,50.03119290374488
2009-03-05,312,119,2.6218487394957983,682.5499877929688,1426.6300048828125,52.15648167661836
2009-03-06,300,110,2.727272727272727,683.3800048828125,1426.6300048828125,52.09830141355065
2009-03-09,343,80,4.2875,676.530029296875,1426.6300048828125,52.57845222788181
2009-03-10,356,79,4.506329113924051,719.5999755859375,1426.6300048828125,49.55945317825784
2009-03-11,205,89,2.303370786516854,721.3599853515625,1426.6300048828125,49.436084837510684
2009-03-12,242,107,2.2616822429906542,750.739990234375,1426.6300048828125,47.37668577943284
2009-03-13,219,101,2.1683168316831685,756.5499877929688,1426.6300048828125,46.96943249450905
2009-03-16,193,105,1.838095238095238,753.8900146484375,1426.6300048828125,47.15588400158707
2009-03-17,187,122,1.5327868852459017,778.1199951171875,1426.6300048828125,45.45747723979039
2009-03-18,125,91,1.3736263736263736,794.3499755859375,1426.6300048828125,44.31983255173525
2009-03-19,157,91,1.7252747252747254,784.0399780273438,1426.6300048828125,45.04251450313867
2009-03-20,171,74,2.310810810810811,768.5399780273438,1426.6300048828125,46.12899102101292
2009-03-23,136,87,1.5632183908045978,822.9199829101562,1426.6300048828125,42.31721048249274
2009-03-24,130,44,2.9545454545454546,806.1199951171875,1426.6300048828125,43.49480998169497
2009-03-26,103,56,1.8392857142857142,832.8599853515625,1426.6300048828125,41.620463434737864
2009-03-27,81,59,1.3728813559322033,815.9400024414062,1426.6300048828125,42.806474022784215
2009-03-31,106,54,1.962962962962963,797.8699951171875,1426.6300048828125,44.07309587024094
2009-04-01,146,80,1.825,811.0800170898438,1426.6300048828125,43.14713595579618
2009-04-02,119,96,1.2395833333333333,834.3800048828125,1426.6300048828125,41.51391727167894
2009-04-09,111,63,1.7619047619047619,856.5599975585938,1426.6300048828125,39.95920493562351
2009-04-13,61,58,1.0517241379310345,858.72998046875,1426.6300048828125,39.807099421038146
2009-04-14,38,38,1.0,841.5,1426.6300048828125,41.014839368310966
2009-04-15,114,92,1.2391304347826086,852.0599975585938,1426.6300048828125,40.27463360210313
2009-04-16,55,50,1.1,865.2999877929688,1426.6300048828125,39.34657305458489
2009-04-21,56,53,1.0566037735849056,850.0800170898438,1426.6300048828125,40.41342084630613
2009-04-24,87,80,1.0875,866.22998046875,1426.6300048828125,39.28138497690544
2009-05-14,191,132,1.446969696969697,893.0700073242188,1426.6300048828125,37.40002633706151
2009-05-15,131,122,1.0737704918032787,882.8800048828125,1426.6300048828125,38.11429719962081
2009-05-26,137,112,1.2232142857142858,910.3300170898438,1404.050048828125,35.163990923995854
2009-06-25,89,65,1.3692307692307693,920.260009765625,1305.3199462890625,29.499276220986065
2009-06-26,72,66,1.0909090909090908,918.9000244140625,1305.3199462890625,29.603464114186416
2009-07-09,97,69,1.4057971014492754,882.6799926757812,1305.3199462890625,32.37826517665791
2009-07-13,63,51,1.2352941176470589,901.0499877929688,1305.3199462890625,30.97094774698006
2009-09-29,108,106,1.0188679245283019,1060.6099853515625,1166.3599853515625,9.066669066851174
2009-10-30,86,83,1.036144578313253,1036.18994140625,1097.9100341796875,5.62159838711668
2009-11-23,147,143,1.027972027972028,1106.239990234375,1110.3199462890625,0.3674576925618264
2009-12-01,185,117,1.5811965811965811,1108.8599853515625,1110.6300048828125,0.15937076465323505
2010-04-20,98,98,1.0,1207.1700439453125,1211.6700439453125,0.37138823580614183
2010-05-20,174,130,1.3384615384615384,1071.5899658203125,1217.280029296875,11.968492045393694
2010-05-21,151,93,1.6236559139784945,1087.68994140625,1217.280029296875,10.645873157508284
2010-05-24,150,102,1.4705882352941178,1073.6500244140625,1217.280029296875,11.799257477819301
2010-05-25,147,108,1.3611111111111112,1074.030029296875,1217.280029296875,11.768039937592999
2010-05-26,128,121,1.0578512396694215,1067.949951171875,1217.280029296875,12.267520581213839
2010-05-27,182,171,1.064327485380117,1103.06005859375,1217.280029296875,9.383212404223924
2010-06-28,88,69,1.2753623188405796,1074.5699462890625,1217.280029296875,11.723685559044673
2010-07-01,148,88,1.6818181818181819,1027.3699951171875,1217.280029296875,15.601178825662924
2010-07-22,70,70,1.0,1093.6700439453125,1217.280029296875,10.154605544868922
2010-08-16,145,126,1.1507936507936507,1079.3800048828125,1217.280029296875,11.328537484814918
2010-08-23,142,99,1.4343434343434343,1067.3599853515625,1217.280029296875,12.315986489313332
2010-08-24,133,99,1.3434343434343434,1051.8699951171875,1217.280029296875,13.588494857278782
2010-08-26,163,86,1.8953488372093024,1047.219970703125,1217.280029296875,13.970496065065657
2010-08-31,125,107,1.1682242990654206,1049.3299560546875,1217.280029296875,13.797159996060953
2011-01-25,77,74,1.0405405405405406,1291.1800537109375,1295.02001953125,0.29651787326827794
2011-01-27,111,98,1.1326530612244898,1299.5400390625,1296.6300048828125,-0.22443057531670377
2011-08-04,124,108,1.1481481481481481,1200.0699462890625,1363.6099853515625,11.993168194667959
2011-08-05,139,109,1.275229357798165,1199.3800048828125,1363.6099853515625,12.043764876538994
2011-08-08,244,87,2.8045977011494254,1119.4599609375,1363.6099853515625,17.904681473208512
2011-08-09,345,119,2.899159663865546,1172.530029296875,1363.6099853515625,14.012801175361279
2011-08-10,357,78,4.576923076923077,1120.760009765625,1363.6099853515625,17.80934271490587
2011-08-11,301,112,2.6875,1172.6400146484375,1363.6099853515625,14.004735426888914
2011-08-12,212,98,2.163265306122449,1178.81005859375,1363.6099853515625,13.552256784784971
2011-08-15,236,114,2.0701754385964914,1204.489990234375,1363.6099853515625,11.669025368435065
2011-08-16,172,110,1.5636363636363637,1192.760009765625,1363.6099853515625,12.529240576211343
2011-08-18,139,99,1.404040404040404,1140.6500244140625,1363.6099853515625,16.350713424851975
2011-08-19,197,67,2.9402985074626864,1123.530029296875,1363.6099853515625,17.60620401975061
2011-08-22,247,70,3.5285714285714285,1123.8199462890625,1363.6099853515625,17.584943029049317
2011-08-23,82,23,3.5652173913043477,1162.3499755859375,1363.6099853515625,14.75935288884942
2011-08-24,271,141,1.9219858156028369,1177.5999755859375,1363.6099853515625,13.640997921973149
2011-08-25,112,80,1.4,1159.27001953125,1363.6099853515625,14.985220702063874
2011-08-26,117,106,1.1037735849056605,1176.800048828125,1363.6099853515625,13.699660352316547
2011-08-29,109,92,1.184782608695652,1210.0799560546875,1363.6099853515625,11.25908661172588
2011-09-07,159,82,1.9390243902439024,1198.6199951171875,1363.6099853515625,12.099500004162678
2011-09-08,112,106,1.0566037735849056,1185.9000244140625,1363.6099853515625,13.032315900186317
2011-09-12,118,116,1.0172413793103448,1162.27001953125,1363.6099853515625,14.765216446284935
2011-09-13,108,91,1.1868131868131868,1172.8699951171875,1363.6099853515625,13.987869866265235
2011-09-14,104,103,1.0097087378640777,1188.6800537109375,1363.6099853515625,12.828443141352109
2011-09-22,99,63,1.5714285714285714,1129.56005859375,1363.6099853515625,17.16399331715588
2011-09-23,112,51,2.196078431372549,1136.4300537109375,1363.6099853515625,16.660183929501958
2011-09-26,126,43,2.9302325581395348,1162.949951171875,1363.6099853515625,14.71535382809285
2011-09-27,123,53,2.3207547169811322,1175.3800048828125,1363.6099853515625,13.803798922770502
2011-09-29,90,88,1.0227272727272727,1160.4000244140625,1363.6099853515625,14.902352074307295
2011-09-30,50,46,1.0869565217391304,1131.4200439453125,1363.6099853515625,17.02759175281247
2011-10-03,80,50,1.6,1099.22998046875,1363.6099853515625,19.388242072358448
2011-10-04,119,93,1.2795698924731183,1123.949951171875,1363.6099853515625,17.575409153219052
2011-10-06,96,58,1.6551724137931034,1164.969970703125,1363.6099853515625,14.567216196882324
2011-10-11,114,99,1.1515151515151516,1195.5400390625,1363.6099853515625,12.325367817377131
2011-11-21,149,106,1.4056603773584906,1192.97998046875,1363.6099853515625,12.513109079266613
2011-11-22,188,145,1.296551724137931,1188.0400390625,1363.6099853515625,12.87537845682448
2011-11-23,173,123,1.4065040650406504,1161.7900390625,1363.6099853515625,14.800415694890193
2011-11-25,44,30,1.4666666666666666,1158.6700439453125,1363.6099853515625,15.029219762820444
2011-11-28,184,96,1.9166666666666667,1192.550048828125,1363.6099853515625,12.544638009477122
2011-12-12,117,110,1.0636363636363637,1236.469970703125,1363.6099853515625,9.323781434150952
2011-12-29,121,79,1.5316455696202531,1263.02001953125,1363.6099853515625,7.376740189708911
2011-12-30,53,50,1.06,1257.5999755859375,1363.6099853515625,7.774217767868118
2012-04-16,107,73,1.4657534246575343,1369.5699462890625,1419.0400390625,3.4861660990284893
2012-05-17,196,185,1.0594594594594595,1304.8599853515625,1419.0400390625,8.046288375793221
2012-05-18,191,130,1.4692307692307693,1295.219970703125,1419.0400390625,8.725621895854166
2012-05-21,159,112,1.4196428571428572,1315.989990234375,1419.0400390625,7.261954983046555
2012-05-24,158,133,1.1879699248120301,1320.6800537109375,1419.0400390625,6.931445388711147
2012-05-29,154,146,1.0547945205479452,1332.4200439453125,1419.0400390625,6.104126221442891
2012-06-01,123,107,1.1495327102803738,1278.0400390625,1419.0400390625,9.936294686452452
2012-06-04,146,145,1.006896551724138,1278.1800537109375,1419.0400390625,9.926427829663126
2012-07-24,67,65,1.0307692307692307,1338.31005859375,1419.0400390625,5.689055857936531
2012-10-25,66,61,1.0819672131147542,1412.969970703125,1465.77001953125,3.6022055386976968
2012-10-31,26,26,1.0,1412.1600341796875,1465.77001953125,3.6574622646946247
2013-06-25,78,72,1.0833333333333333,1588.030029296875,1669.1600341796875,4.860528842142092
2013-07-01,119,115,1.0347826086956522,1614.9599609375,1669.1600341796875,3.247146596630817
2013-08-29,121,108,1.1203703703703705,1638.1700439453125,1709.6700439453125,4.182093512909856
2014-04-10,101,95,1.063157894736842,1833.0799560546875,1890.9000244140625,3.0578067382114416
2014-04-29,84,80,1.05,1878.3299560546875,1890.9000244140625,0.6647664179532768
2014-07-09,94,88,1.0681818181818181,1972.8299560546875,1985.43994140625,0.6351229814904944
2014-09-23,108,89,1.2134831460674158,1982.77001953125,2011.3599853515625,1.4214246096436738
2014-09-25,95,85,1.1176470588235294,1965.989990234375,2011.3599853515625,2.255687467564756
2014-10-06,64,58,1.103448275862069,1964.8199462890625,2011.3599853515625,2.313859249534853
2014-10-20,68,61,1.1147540983606556,1904.010009765625,2011.3599853515625,5.337183615451809
2014-12-15,188,159,1.1823899371069182,1989.6300048828125,2075.3701171875,4.1313167032047655
2015-01-26,79,71,1.1126760563380282,2057.090087890625,2090.570068359375,1.6014761224924747
2015-06-30,82,72,1.1388888888888888,2063.110107421875,2130.820068359375,3.177647983653227
2015-07-29,145,112,1.2946428571428572,2108.570068359375,2130.820068359375,1.0441989133850886
2015-08-21,141,86,1.6395348837209303,1970.8900146484375,2130.820068359375,7.505563519217071
2015-08-24,239,108,2.212962962962963,1893.2099609375,2130.820068359375,11.151110830527465
2015-08-25,215,87,2.471264367816092,1867.6099853515625,2130.820068359375,12.352525063764352
2015-08-26,214,117,1.829059829059829,1940.510009765625,2130.820068359375,8.931305905161633
2015-08-27,162,87,1.8620689655172413,1987.6600341796875,2130.820068359375,6.718541668791095
2015-08-28,134,102,1.3137254901960784,1988.8699951171875,2130.820068359375,6.661757853232627
2015-08-31,154,81,1.9012345679012346,1972.1800537109375,2130.820068359375,7.4450216141704715
2015-09-08,98,97,1.0103092783505154,1969.4100341796875,2130.820068359375,7.575019429208078
2015-09-28,80,62,1.2903225806451613,1881.77001953125,2130.820068359375,11.68799057819467
2015-09-29,89,60,1.4833333333333334,1884.0899658203125,2130.820068359375,11.579114830142949
2015-10-01,88,76,1.1578947368421053,1923.8199462890625,2130.820068359375,9.714575394894428
2015-12-08,160,137,1.167883211678832,2063.590087890625,2130.820068359375,3.1551223619042466
2015-12-15,135,128,1.0546875,2043.4100341796875,2130.820068359375,4.102178099298119
2015-12-21,119,96,1.2395833333333333,2021.1500244140625,2130.820068359375,5.146846773869225
2015-12-22,152,105,1.4476190476190476,2038.969970703125,2130.820068359375,4.310551558066092
2015-12-28,85,82,1.0365853658536586,2056.5,2130.820068359375,3.4878622302725795
2015-12-30,115,93,1.2365591397849462,2063.360107421875,2130.820068359375,3.165915411592721
2016-01-04,117,97,1.2061855670103092,2012.6600341796875,2130.820068359375,5.545284462740433
2016-01-07,96,94,1.0212765957446808,1943.0899658203125,2130.820068359375,8.810227823863388
2016-01-08,90,73,1.2328767123287672,1922.030029296875,2130.820068359375,9.798576715267089
2016-01-11,78,36,2.1666666666666665,1923.6700439453125,2130.820068359375,9.721610355094771
2016-01-12,88,49,1.7959183673469388,1938.6800537109375,2130.820068359375,9.017186270278359
2016-01-13,67,60,1.1166666666666667,1890.280029296875,2130.820068359375,11.28861336695143
2016-01-14,76,51,1.4901960784313726,1921.8399658203125,2130.820068359375,9.807496449006448
2016-01-15,110,69,1.5942028985507246,1880.3299560546875,2130.820068359375,11.755573172236563
2016-01-20,119,77,1.5454545454545454,1859.3299560546875,2130.820068359375,12.74110922531912
2016-01-21,82,68,1.2058823529411764,1868.989990234375,2130.820068359375,12.287761036838557
2016-01-22,77,59,1.305084745762712,1906.9000244140625,2130.820068359375,10.50863220552075
2016-01-25,60,43,1.3953488372093024,1877.0799560546875,2130.820068359375,11.90809660902315
2016-01-26,49,40,1.225,1903.6300048828125,2130.820068359375,10.662095164679366
2016-01-27,68,54,1.2592592592592593,1882.949951171875,2130.820068359375,11.632616046194252
2016-01-28,98,63,1.5555555555555556,1893.3599853515625,2130.820068359375,11.144070141532172
2016-02-01,100,68,1.4705882352941178,1939.3800048828125,2130.820068359375,8.984337360026922
2016-02-04,121,87,1.3908045977011494,1915.449951171875,2130.820068359375,10.107381678328393
2016-02-08,112,98,1.1428571428571428,1853.43994140625,2130.820068359375,13.017529310520048
2016-02-09,94,90,1.0444444444444445,1852.2099609375,2130.820068359375,13.07525264845055
2016-02-10,104,96,1.0833333333333333,1851.8599853515625,2130.820068359375,13.091677103576268
2016-02-11,103,94,1.0957446808510638,1829.0799560546875,2130.820068359375,14.16075044464042
2016-02-12,130,103,1.2621359223300972,1864.780029296875,2130.820068359375,12.485335717123105
2016-02-16,127,122,1.040983606557377,1895.5799560546875,2130.820068359375,11.03988627654566
2016-03-28,60,56,1.0714285714285714,2037.050048828125,2130.820068359375,4.400654045062014
2016-06-20,88,88,1.0,2083.25,2128.280029296875,2.115794382177785
2016-06-28,57,43,1.3255813953488371,2036.0899658203125,2128.280029296875,4.331669808837118
2016-10-17,61,44,1.3863636363636365,2126.5,2190.14990234375,2.9061893104045615
2017-01-10,87,81,1.0740740740740742,2268.89990234375,2276.97998046875,0.3548594275886693
2017-03-28,96,93,1.032258064516129,2358.570068359375,2395.9599609375,1.5605391236794686
2017-08-21,109,105,1.0380952380952382,2428.3701171875,2480.909912109375,2.1177631104389207
2018-03-26,83,71,1.1690140845070423,2658.550048828125,2872.8701171875,7.46013775830532
2018-07-02,94,77,1.2207792207792207,2726.7099609375,2872.8701171875,5.087600562781055
2018-09-28,96,72,1.3333333333333333,2913.97998046875,2930.75,0.5722091454832381
2018-10-04,101,69,1.463768115942029,2901.610107421875,2930.75,0.9942810740638062
2018-10-09,160,120,1.3333333333333333,2880.340087890625,2930.75,1.7200345341422845
2018-10-11,112,59,1.8983050847457628,2728.3701171875,2930.75,6.905395643180073
2018-10-15,117,56,2.0892857142857144,2750.7900390625,2930.75,6.140406412607694
2018-10-19,105,70,1.5,2767.780029296875,2930.75,5.560691655826154
2018-10-23,125,46,2.717391304347826,2740.68994140625,2930.75,6.485031428601894
2018-10-24,71,53,1.3396226415094339,2656.10009765625,2930.75,9.371318002004607
2018-10-25,134,44,3.0454545454545454,2705.570068359375,2930.75,7.683355169858398
2018-10-26,63,45,1.4,2658.68994140625,2930.75,9.28295005011516
2018-10-29,132,35,3.7714285714285714,2641.25,2930.75,9.878017572293782
2018-10-30,81,73,1.1095890410958904,2682.6298828125,2930.75,8.46609629574341
2018-10-31,144,73,1.9726027397260273,2711.739990234375,2930.75,7.47283151976883
2018-11-02,180,160,1.125,2723.06005859375,2930.75,7.0865799336773865
2018-11-06,159,139,1.143884892086331,2755.449951171875,2930.75,5.981405743517018
2018-11-14,191,150,1.2733333333333334,2701.580078125,2930.75,7.81949746225369
2018-11-21,215,184,1.1684782608695652,2649.929931640625,2930.75,9.58184998240638
2018-11-23,40,34,1.1764705882352942,2632.56005859375,2930.75,10.174526704981659
2018-11-26,103,96,1.0729166666666667,2673.449951171875,2930.75,8.779324365030282
2018-11-27,123,115,1.0695652173913044,2682.169921875,2930.75,8.48179060394097
2018-11-29,147,130,1.1307692307692307,2737.800048828125,2930.75,6.583637334193466
2018-12-03,175,140,1.25,2790.3701171875,2930.75,4.789896197645653
2018-12-07,152,103,1.4757281553398058,2633.080078125,2930.75,10.156783139981233
2018-12-10,154,107,1.439252336448598,2637.719970703125,2930.75,9.998465556491512
2018-12-11,204,104,1.9615384615384615,2636.780029296875,2930.75,10.03053725848759
2018-12-13,213,111,1.9189189189189189,2650.5400390625,2930.75,9.561032532201654
2018-12-17,226,110,2.0545454545454547,2545.93994140625,2930.75,13.130088154695896
2018-12-18,127,126,1.007936507936508,2546.159912109375,2930.75,13.122582543397595
2018-12-19,171,131,1.3053435114503817,2506.9599609375,2930.75,14.460122462253688
2018-12-20,131,76,1.7236842105263157,2467.419921875,2930.75,15.80926650601382
2018-12-21,220,114,1.9298245614035088,2416.6201171875,2930.75,17.542604548750322
2018-12-26,229,76,3.013157894736842,2467.699951171875,2930.75,15.799711637912651
2018-12-27,184,46,4.0,2488.830078125,2930.75,15.078731446728652
2018-12-28,90,78,1.1538461538461537,2485.739990234375,2930.75,15.18416820832978
2018-12-31,136,50,2.72,2506.85009765625,2930.75,14.463871102746737
2019-01-02,177,66,2.6818181818181817,2510.030029296875,2930.75,14.35536878625352
2019-01-07,72,67,1.0746268656716418,2549.68994140625,2930.75,13.002134559199863
2019-01-08,103,81,1.271604938271605,2574.409912109375,2930.75,12.158665457327476
2019-03-27,125,113,1.1061946902654867,2805.3701171875,2930.75,4.27808181566152
2019-03-28,114,85,1.3411764705882352,2815.43994140625,2930.75,3.934489758380961
2019-04-01,137,96,1.4270833333333333,2867.18994140625,2930.75,2.168730140535699
2019-04-11,90,68,1.3235294117647058,2888.320068359375,2930.75,1.4477499493517019
2019-04-26,90,79,1.139240506329114,2939.8798828125,2933.679931640625,-0.21133700050256513
2019-05-13,144,141,1.0212765957446808,2811.8701171875,2945.830078125,4.547443585842011
2019-06-03,126,116,1.0862068965517242,2744.449951171875,2945.830078125,6.836108044673847
2019-06-17,167,131,1.2748091603053435,2889.669921875,2945.830078125,1.9064289100390184
2019-06-20,124,113,1.0973451327433628,2954.179931640625,2945.830078125,-0.2834465428820532
2019-06-25,123,73,1.6849315068493151,2917.3798828125,2954.179931640625,1.2456942257978114
2019-06-27,136,68,2.0,2924.919921875,2954.179931640625,0.9904613274309004
2019-07-01,101,97,1.041237113402062,2964.330078125,2954.179931640625,-0.3435859263568297
2019-07-08,113,80,1.4125,2975.949951171875,2995.820068359375,0.6632613686435992
2019-07-10,112,85,1.3176470588235294,2993.070068359375,2995.820068359375,0.09179456500223007
2019-08-15,151,146,1.0342465753424657,2847.60009765625,3025.860107421875,5.891217816989826
2019-08-27,92,82,1.1219512195121952,2869.159912109375,3025.860107421875,5.1786992706022135
2019-09-30,60,55,1.0909090909090908,2976.739990234375,3025.860107421875,1.6233439565503192
2020-03-02,207,135,1.5333333333333334,3090.22998046875,3386.14990234375,8.739126453621465
2020-03-09,240,128,1.875,2746.56005859375,3386.14990234375,18.888409024872256
2020-03-10,311,111,2.8018018018018016,2882.22998046875,3386.14990234375,14.88179603408012
2020-03-11,338,138,2.449275362318841,2741.3798828125,3386.14990234375,19.04139031426126
2020-03-12,389,113,3.4424778761061945,2480.639892578125,3386.14990234375,26.7415807297506
2020-03-13,434,90,4.822222222222222,2711.02001953125,3386.14990234375,19.93797977889885
2020-03-16,465,71,6.549295774647887,2386.1298828125,3386.14990234375,29.53265650877058
2020-03-17,328,135,2.4296296296296296,2529.18994140625,3386.14990234375,25.30779751789336
2020-03-18,295,121,2.43801652892562,2398.10009765625,3386.14990234375,29.179151342461644
2020-03-19,266,98,2.7142857142857144,2409.389892578125,3386.14990234375,28.845740381710595
2020-03-20,234,91,2.5714285714285716,2304.919921875,3386.14990234375,31.93095437742931
2020-03-23,222,69,3.217391304347826,2237.39990234375,3386.14990234375,33.92496000265327
2020-03-24,128,113,1.1327433628318584,2447.330078125,3386.14990234375,27.725288345000276
2020-03-25,137,69,1.9855072463768115,2475.56005859375,3386.14990234375,26.89159871864291
2020-03-26,81,71,1.1408450704225352,2630.070068359375,3386.14990234375,22.328599022182935
2020-03-27,83,56,1.4821428571428572,2541.469970703125,3386.14990234375,24.94514289092675
2020-03-30,70,48,1.4583333333333333,2626.64990234375,3386.14990234375,22.429603588261294
2020-03-31,92,51,1.803921568627451,2584.590087890625,3386.14990234375,23.671716774804302
2020-04-01,78,66,1.1818181818181819,2470.5,3386.14990234375,27.041032699408134
2020-04-02,92,82,1.1219512195121952,2526.89990234375,3386.14990234375,25.375427101005286
2020-04-06,54,52,1.0384615384615385,2663.679931640625,3386.14990234375,21.336030345350682
2020-04-23,47,40,1.175,2797.800048828125,3386.14990234375,17.375186287777574
2020-05-14,195,172,1.1337209302325582,2852.5,3386.14990234375,15.759783758373485
2020-05-15,193,134,1.4402985074626866,2863.699951171875,3386.14990234375,15.429026069113396
2020-05-18,142,128,1.109375,2953.909912109375,3386.14990234375,12.76493961283866
2020-06-15,95,94,1.0106382978723405,3066.590087890625,3386.14990234375,9.437261304702997
2020-09-28,48,48,1.0,3351.60009765625,3580.840087890625,6.401849415437426
2021-12-06,132,122,1.0819672131147542,4591.669921875,4704.5400390625,2.3991743347983547
2022-01-24,89,48,1.8541666666666667,4410.1298828125,4796.56005859375,8.056402318759732
2022-01-25,71,54,1.3148148148148149,4356.4501953125,4796.56005859375,9.175531170358802
2022-01-31,60,45,1.3333333333333333,4515.5498046875,4796.56005859375,5.858578866385263
2022-04-18,55,54,1.0185185185185186,4391.68994140625,4796.56005859375,8.440843276049781
2022-04-27,64,55,1.1636363636363636,4183.9599609375,4796.56005859375,12.771654897944746
2022-05-02,65,61,1.0655737704918034,4155.3798828125,4796.56005859375,13.367500207413862
2022-05-03,120,102,1.1764705882352942,4175.47998046875,4796.56005859375,12.948447857173035
2022-05-09,98,86,1.1395348837209303,3991.239990234375,4796.56005859375,16.789533718368112
2022-05-12,135,128,1.0546875,3930.080078125,4796.56005859375,18.064612344764086
2022-05-13,124,102,1.2156862745098038,4023.889892578125,4796.56005859375,16.108839597062307
2022-05-16,180,91,1.978021978021978,4008.010009765625,4796.56005859375,16.439907750457966
2022-05-20,136,129,1.054263565891473,3901.360107421875,4796.56005859375,18.663374173080378
2022-05-23,167,124,1.346774193548387,3973.75,4796.56005859375,17.1541698330153
2022-06-14,130,115,1.1304347826086956,3735.47998046875,4796.56005859375,22.12168856770421
2022-06-15,125,101,1.2376237623762376,3789.989990234375,4796.56005859375,20.98524892971902
2022-06-16,125,113,1.1061946902654867,3666.77001953125,4796.56005859375,23.55417268336531
2022-06-21,115,107,1.074766355140187,3764.7900390625,4796.56005859375,21.510624425158205
2022-07-01,79,58,1.3620689655172413,3825.330078125,4796.56005859375,20.24846908210077
2022-09-01,95,92,1.0326086956521738,3966.85009765625,4796.56005859375,17.29802089001161
2022-09-27,69,53,1.3018867924528301,3647.2900390625,4796.56005859375,23.960296660356875
2022-09-28,63,49,1.2857142857142858,3719.0400390625,4796.56005859375,22.46443297631003
2022-09-29,42,37,1.135135135135135,3640.469970703125,4796.56005859375,24.10248331654511
2022-10-03,73,67,1.0895522388059702,3678.429931640625,4796.56005859375,23.311083636904094
2023-03-14,185,132,1.4015151515151516,3919.2900390625,4631.60009765625,15.379351489222993
2023-03-15,171,164,1.0426829268292683,3891.929931640625,4631.60009765625,15.970078383708552
2023-03-20,129,106,1.2169811320754718,3951.570068359375,4631.60009765625,14.682399493881041
2023-03-27,68,61,1.1147540983606556,3977.530029296875,4631.60009765625,14.12190289680573
2023-04-26,54,52,1.0384615384615385,4055.989990234375,4305.2001953125,5.788585751470163
2023-04-27,57,51,1.1176470588235294,4135.35009765625,4305.2001953125,3.9452311147152392
2023-05-04,145,100,1.45,4061.219970703125,4305.2001953125,5.6671052109265565
2023-05-08,142,99,1.4343434343434343,4138.1201171875,4305.2001953125,3.880889866792181
2023-05-15,146,137,1.0656934306569343,4136.27978515625,4305.2001953125,3.9236365904696013
2023-09-27,54,53,1.0188679245283019,4274.509765625,4588.9599609375,6.852319435976502
2023-10-25,37,33,1.121212121212121,4186.77001953125,4588.9599609375,8.764293975754905
2023-10-26,54,46,1.173913043478261,4137.22998046875,4588.9599609375,9.843842271756582
